Company Name,Website,Location
09ºWest,http://www.09west.com,Portugal
1001 Nights Tours Iran,http://www.1001nights.tours,Iran
33 North,http://www.33-north.com,Lebanon
50 degrees North,http://www.fiftydegreesnorth.com,Norway
56th Parallel,http://www.56thparallel.com,Australia
8000expedition,http://www.8000expedition.net,Nepal
88 destinations Inc.,http://www.88destinations.com,Saudi Arabia
A Cielo Abierto Trek,http://www.acieloabiertotrek.com,Argentina
A.C.E. Adventure,http://www.ace-adventurecentre.com/,Serbia
AA Safaris and Tours LTD,http://www.adventureugandasafari.com,Uganda
Abercrombie & Kent Jordan,http://akdmc.com,Jordan
Above the Clouds,http://www.aboveclouds.com/,United States
Absolute Adventure Sports Services,http://www.adventure.ae,United Arab Emirates
Accessible Adventure Travels & Tours Pvt. Ltd.,http://www.accessible-adventure.com,Nepal
ACDC- Soul of Croatia/ Anima Croatica Destination Company,http://www.anima-croatica.com,Croatia
Ace the Himalaya,http://www.acethehimalaya.com,Nepal
Action Challenge UK Ltd,http://www.actionchallenge.com,United Kingdom
Active 4 Adventures - Discover France,http://www.discoverfrance.com,France
Active Adventure Tours Mongolia LLC,http://www.tourmongolia.com,Mongolia
Active Adventures,http://activeadventures.com,New Zealand
Active Africa,http://www.activeafrica.co.za,South Africa
Active Cultures Travel / Southern Visions Travel,http://www.southernvisionstravel.com,Italy
Active Earth Adventures,http://activeearthadventures.com/,New Zealand
Active India Holidays Pvt Ltd,http://www.activeindiaholidays.com,India
Adjara Group Hospitality,http://www.adjaragroup.com,Georgia
ADMINISTRACION Y OPERACION DE HOTELES BAHIA DE LORETO SA DE CV,http://www.villadelpalmarloreto.com,Mexico
Advantage Travel,http://www.advantagetravel.com,Ecuador
Adventure & Fun Albania,http://www.adventure-fun.al,Albania
Adventure & Landscape,http://www.adventure-landscape.com,Argentina
Adventure Access,http://www.adventure-access.com,China
Adventure Base,http://www.adventurebase.com,France
Adventure Canada,http://www.adventurecanada.com,Canada
Adventure Consultants Limited,http://www.adventureconsultants.com,New Zealand
Adventure Driven Vacations,http://adventure-driven-vacations.com,Croatia
Adventure Guatemala,http://adventureguatemala.com/,Guatemala
Adventure Iran – Caravan Kooch Adventure Travel,http://www.adventureiran.com,Iran
Adventure Life,http://www.adventure-life.com,United States
Adventure Rider Mongolia,http://www.adventurerider.mn,Mongolia
Adventure Shop,http://www.adventureshop.co.za,South Africa
Adventure to Africa,http://www.adventuretoafrica.com,United States
"Adventure Travel West, Inc.",http://www.at-west.com,United States
Adventure Weekend Viagens,http://www.adventureweekend.com.br,Brazil
Adventure World Travel,http://www.adventureworld.com,Australia
Adventures in Good Company,http://www.adventuresingoodcompany.com,United States
Adventures Within Reach,http://www.adventureswithinreach.com/,United States
AdventureSmith Explorations,http://www.adventuresmithexplorations.com,United States
Adventuresports.online,http://www.adventuresports.online,United States
Adviser Travel & Tourism,http://advisertours.com,Jordan
Africa Adventure Consultants,http://www.adventuresinafrica.com,United States
African Bikers Tours,http://www.africanbikers.com,South Africa
African Bush Camps,http://www.africanbushcamps.com,South Africa
African Safari Company,http://www.africansafarico.com,United States
Agencia del Peregrino,http://www.agenciadelperegrino.com.ar,Argentina
AguaHielo Expediciones,http://aguahielo.cl/,Chile
Ahsante Tours and Safaris Ltd.,http://www.ahsantetours.com,Tanzania
Akanan Amazing adventures Inc,http://www.aadventures.net,United States
Alaska Adventure Travel,http://www.alaskaadventuretravel.com/,United States
Alaska Alpine Adventures,http://www.alaskaalpineadventures.com/,United States
Alaska Latin Tours LLC,http://www.alaskalatintours.com,United States
Alaska Wildland Adventures,http://www.alaskawildland.com,United States
Albanian Rafting Federation,http://www.albrafting.org,Albania
Albatros Travel,http://www.albatros-travel.com,Greenland
All Patagonia,http://www.allpatagonia.com,Argentina
Allibert Trekking,http://www.allibert-trekking.com,France
Alluring Africa,http://www.alluringafrica.com,United States
Alluring Americas,http://www.alluringamericas.com,United States
Alma Calma Expediciones,http://www.almacalma.net,Argentina
Alma Gaucho Expeditions,http://www.AlmaGaucho.com,Argentina
Alpaca Expeditions,http://www.alpacaexpeditions.com,Peru
Alpenwild,http://www.alpenwild.com,United States
"Alpine Tour Service Co., Ltd.",http://www.alpine-tour.com/,Japan
Alpinehikers,http://www.alpinehikers.com,United States
Alta Expedition,http://www.altaexpedition.com,Canada
ALTAI BASE CAMP,http://www.altai-travel.com/UK/,France
Amarela Viajes,http://www.amarela.com.ar,Argentina
Amazon River Expeditions,http://www.amazonriverexpeditions.com,Peru
Amazonas Explorer,http://amazonas-explorer.com/,Peru
Ambiental Expeditions,http://www.ambiental.tur.br,Brazil
AmeriCan Adventures,http://americanadventures.com/,United States
Amity Tours,http://www.amity-tours.com,Chile
Andean Adventures Peru,http://www.andeanadventuresperu.com,Peru
Andean Lodges,http://www.andeanlodges.com,Peru
Andestrack,http://www.andestrack.com.ar,Argentina
Angama Mara,http://www.angama.com,Kenya
Aniyami DMC Brazil,http://www.aniyami.com,Brazil
Another World Adventures,http://www.anotherworldadventures.com,United Kingdom
Antarctic Logistics & Expeditions,http://www.antarctic-logistics.com,United States
Antarctica XXI,http://www.antarcticaxxi.com,Chile
Antarpply Expeditions,http://www.antarpply.com,Argentina
Anthony's Key Resort,http://www.anthonyskey.com,Honduras
Antique Tour Experience,http://www.AntiqueTour.com.ar,Argentina
Apino Turismo,http://www.apino.com.br,Brazil
Apumayo Expediciones SAC,http://www.apumayo.com,Peru
Apus Peru Adventure Travel Specialists,http://www.apus-peru.com,Peru
Aracari Travel,http://aracari.com,Peru
Arakur Resort,http://www.arakur.com,Argentina
Aranui Cruises,http://www.aranui.com,United States
ArchaeoAdventures Tours,http://archaeoadventures.com,United States
AREA 47,http://www.area47.at/,Austria
Argentina on the Go,http://www.argentinaonthego.com,Argentina
Argentina Rafting,http://www.argentinarafting.com,Argentina
ARGENTINA TRAILS & ACONCAGUA VISION,http://www.argentinatrails.com.ar,Argentina
Arizona Outback Adventures,http://www.aoa-adventures.com,United States
ARMOTOURS,http://www.armotours.com,Costa Rica
Asgard - Beyond,http://www.asgardbeyond.is,Iceland
Ashtar Tours International,http://www.ashtartours.com,Jordan
ASI Reisen,http://www.asi.at,Austria
Asia Aventura,http://www.asia-aventura.com,Vietnam
Asia Transpacific Journeys (ATJ),http://www.asiatranspacific.com,United States
Atlantic Sea Kayaking and Wild Atlantic Walks,http://www.atlanticseakayaking.com,Ireland
Audley Travel,http://www.audleytravel.com/us/,United Kingdom
AUQUI Machu Picchu Travel Experts,http://www.auqui.travel,Peru
Austin Adventures,http://www.austinadventures.com/,United States
Australian Walking Holidays,http://australianwalkingholidays.com.au,Australia
Australian Wildlife Journeys,http://www.australianwildlifecollection.com,Australia
Australis,http://www.australis.com,Chile
Auténtica Salta,http://www.autenticasalta.com,Argentina
Aventura en Altura,http://www.aerosilla.com,Argentina
AVENTURAS BAJA,http://www.aventurasbaja.com,Mexico
Aventuras Panama,http://www.aventuraspanama.com,Panama
Aventure Colombia,http://www.aventurecolombia.com,Colombia
Avia Club Nepal,http://aviaclubnepal.com,Nepal
awayfromitall GmbH & Co. KG,http://www.awayfromitall.com,Germany
Aysén Patagonia Tour,http://aysenpatagoniatour.cl,Chile
Azimut 360,http://www.azimut360.com,Chile
Backroads,http://www.backroads.com,United States
Baja Outdoor Activities,http://www.kayactivities.com,Mexico
Baltic Blues UAB,http://www.balticblues.com,Lithuania
Bamba Experience,http://www.bambaexperience.com,United States
"Banjara Camp, India",http://www.banjaracamps.com,India
Bark EUROPA,http://www.barkeuropa.com,Netherlands
Batouta Voyages & Events,http://www.batouta.com,Tunisia
Baumeler Travel,http://www.baumeler.ch,Switzerland
Bearing True South,http://www.bearingtruesouth.com,Greece
Beraljezur Hotelaria e Turismo Lda,http://amazighguesthouse.com,Portugal
Bergen Base Camp,http://www.bergenbasecamp.no/,Norway
Better Places,http://www.betterplaces.nl,Netherlands
Beyond Dracula Travel,http://www.beyonddracula.com,Romania
Beyond X Boundaries,http://www.beyondxboundaries.com,Singapore
Bicycle Adventures,http://www.bicycleadventures.com,United States
Big Adventure Travel Company,http://bigadventures.us,United States
Bike Tour Sardinia,http://www.biketoursardinia.com/,Italy
BikeHike Adventures,http://www.bikehike.com/,Canada
Bikes 'n Wines,http://bikesnwines.com/,South Africa
BikeTours.com,http://www.biketours.com,United States
BirdsChile - Nature Tours,http://www.birdschile.com/,Chile
Bitácoras de Viaje,http://bitacorasdeviaje.com,Uruguay
Björk Experience,http://www.bjorkexperience.com/,Sweden
Black Ibex Expeditions,http://www.blackibexexpeditions.com,Mongolia
Black Mountain Montenegro Ltd,http://www.montenegroholiday.com,Montenegro
"Black Sheep Adventures, Inc.",http://blacksheepadventures.com,United States
Bolivia Milenaria,http://www.boliviamilenaria.com,Bolivia
Boogie Pilgrim,http://www.boogiepilgrim-madagascar.com,Madagascar
Borana Lodge,http://www.borana.co.ke/,Kenya
Borneo Adventure,http://www.borneoadventure.com,Malaysia
Borton Overseas,http://www.bortonoverseas.com,United States
Boundless Journeys,http://www.boundlessjourneys.com,United States
Bredeson Outdoor Adventures,http://www.bredeson.com,United States
Bulgaria Personalized,http://www.bulgariapersonalized.com,Bulgaria
Bush and Beyond,http://www.bush-and-beyond.com,Canada
Butterfield & Robinson,http://www.butterfield.com,Canada
BWT OPERADORA,No link,No Location
Cabalgatas Gauchas en Salta,http://www.horseridingsalta.com,Argentina
Cactus Tours Madagascar,http://www.cactus-madagascar.com,Madagascar
Camino Abierto,http://www.caminoabierto.com,Argentina
CaminoWays.com,http://www.caminoways.com,Ireland
Canadian Mountain Holidays LP,http://www.canadianmountainholidays.com,Canada
Canal Fun,http://www.canalfun.com,Argentina
Canyon Calling Adventures for Women,http://www.canyoncalling.com,United States
Canyons,http://canyons.jp,Japan
Caradonna Dive Adventures,http://www.caradonna.com,United States
Casa Natura Galapagos Lodge,http://www.casanaturahotel.com,Ecuador
Cascada Expediciones / EcoCamp Patagonia,http://www.cascada.travel/,Chile
"CAT,China Adventure Tours",http://www.chinadventuretours.com,China
Celtic Trails Walking Holidays,http://www.celtictrailswalkingholidays.co.uk/,United Kingdom
Chalalan Ecolodge,http://www.chalalan.com/,Bolivia
CHAMINA VOYAGES,http://www.chamina-voyages.com/,France
Chaska Tours S.A.S,http://www.chaskatours.net,Colombia
Cheli & Peacock Safaris,http://chelipeacock.com,Kenya
Chile Nativo Travel,http://www.chilenativo.travel,Chile
Chiloe Natural,http://www.chiloenatural.com,Chile
Chiloétnico,http://www.chiloetnico.cl,Chile
Chimu Adventures,http://www.chimuadventures.com,Australia
China Charmission Travel,http://www.charmission.cn,China
China Exploration,http://www.ChinaExploration.com,China
Choose Honduras (Honduras Turismo y Marketing SA),http://www.choosehonduras.com,Honduras
Ciclismo Classico,http://www.ciclismoclassico.com,United States
Cicloposse Bike Tour,http://www.cicloposse.com,Italy
CIELOS ANDINOS,http://www.cielosandinos.com,Argentina
Civilized Adventures,http://www.civilizedadv.com,Canada
Clark Expediciones,http://www.clarkexpediciones.com,Argentina
Classic Escapes Inc.,http://www.classicescapes.com,United States
Classic Journeys,http://www.classicjourneys.com,United States
Coast to Coast Adventures / Atlas,http://www.coasttocoastadventures.com/,Costa Rica
Cobblestone Private Travel,http://www.cobblestoneprivatetravel.com,United States
Colombia 57,http://www.colombia57.com,Colombia
Condor Travel SAC,http://www.condortravel.com/en/,Peru
Condor Valley,http://www.condorvalley.com,Argentina
Conguillo National Park,http://www.parquenacionalconguillio.cl,Chile
Constellations Travel,http://www.constellations.travel,Argentina
CORE Travel,http://www.core-travel.com,Peru
Corona del Inca Expediciones,http://www.coronadelinca.tur.ar,Argentina
Costa Rica Sun Tours,http://www.crsuntours.com,Costa Rica
Costas de Patagonia,http://www.costasdepatagonia.com,Argentina
Country Walkers,http://www.countrywalkers.com/,United States
Countryside Adventure Holidays,http://www.countrysideindia.com/,India
"Cox & Kings, The Americas",http://www.coxandkingsusa.com,United States
Crillon Tours,http://www.titicaca.com,Bolivia
Crilu Travel,http://www.crilutravel.it,Italy
Cristales Aventura Tours,http://www.cano-cristales.com/,Colombia
croActive &adventure - Croatia,http://www.andadventure.com/,Croatia
Crooked Trails,http://www.crookedtrails.org,United States
Cross Country Tours,http://www.mycrosscountrytours.com,United States
Crossing Latitudes,http://www.crossinglatitudes.com,United States
Cuba Aventuras,http://www.cubaaventuras.com,Cuba
Cuba PrivateTravel,http://www.cubaprivatetravel.com,Cuba
Cumbres Travel,http://www.cumbrestravel.com,Spain
Cycle Europe,http://www.cycleeurope.com,Italy
Cyclomundo,http://www.cyclomundo.com,France
Cynsa Tour Operator,http://www.cynsa.com.ar,Argentina
Córdoba Bike Tours,No link,No Location
D-DAY MEMORY TOUR (DDMT),http://www.ddaymemorytour.com,United States
De Altura,http://dealtura.com.ar,Argentina
De Borondo,http://www.deborondo.com,Colombia
De Una Colombia Tours Ltda,http://www.deunacolombia.com,Colombia
Deeper Africa,http://www.deeperafrica.com,United States
Delaware North Company,http://delawarenorth.com,United States
Desert and Sea Expeditions,http://desertandsea.com/,Mexico
Destino Patagonia,http://www.destinopatagonia.cl/,Chile
Dharma Adventures,http://www.dharmaadventures.com,Nepal
"DID Adventure, Norway",http://www.didadventure.no,Norway
Diplomat Travels & Tourism Agency,http://www.diplomattravels.com,Nigeria
Discover Banff Tours,http://www.banfftours.org,Canada
Discover Jordan Tours,http://www.discoverjordan.com,Jordan
Discover Outdoors,http://www.discoveroutdoors.com/,United States
Dittmar Adventures,http://www.dittmaradventures.com,Chile
Diverse China Travel,http://www.diversechina.com,China
Dulabab Travel,http://www.dulabab.com,United Kingdom
Dyer Island Cruises,http://www.whalewatchsa.com,South Africa
Easia Travel,http://www.easia-travel.com,France
"Easy Tour China Travel Co., Ltd.",http://www.easytourchina.com,China
Easy Travel and Tours,http://www.easytravel.co.tz,Tanzania
EatThePeachTravel.com,http://www.eatthepeachtravel.com,United States
Eccentric Travels Private Limited,http://ECCETRAV.COM,India
Eco Team - Sri Lanka,http://www.srilankaecotourism.com,Sri Lanka
EcoAndes Travel,http://www.ecoandestravel.com,Ecuador
Ecochile Travel,http://www.ecochile.travel,Chile
EcoCircuitos Panama,http://www.ecocircuitos.com/,Panama
Ecodestinos,http://www.ecodestinos.travel,Colombia
Ecoexperiencias Tour Operadores,http://www.ecoexperiencias.com,Mexico
EcoHotels / Feynan Ecolodge,http://www.ecohotelsjordan.com,Jordan
ECOTREK S.A.S,No link,No Location
EcoTrek Turismo Alternativo,http://www.ecotrek.com.ar/,Argentina
Ecoventura - Galapagos Network,http://ecoventura.com,Ecuador
Ecuador Freedom Bike Rental & Motorcycle Tours,http://FreedomBikeRental.com,Ecuador
Ecuador Pure Life,http://www.ecuadorpurelife.com,Ecuador
El mundo Yourway,http://www.elmundoyourway.com,Spain
EL PUESTO CABALGATAS,http://www.tafidelvalle.travel/el-puesto-cabalgatas.html,Argentina
ElderTreks,http://www.eldertreks.com,Canada
Elemental Outdoor,http://www.wildrun.com,South Africa
Elevate Destinations,http://www.elevatedestinations.com,United States
Elgin Adventures,http://www.beartraplodge.co.za,South Africa
Enchanted Expeditions,http://www.enchantedexpeditions.com,Ecuador
Encounters Asia / Jungle Lodges,http://www.encountersasia.com,India
Engaging Cultures Travel,http://www.engagingcultures.com,United States
Epic Private Journeys,http://www.epicprivatejourneys.com,Australia
Epitourean | Edible Destinations!,http://www.epitourean.com,United States
Eposak / ZOI Venezuela,http://www.eposak.org,Venezuela
Escapade Sweden,http://escapadesweden.se,Sweden
Escape 4 Africa Travel,http://www.africanoverlandtours.com,South Africa
Estancia Rincón Chico - CPV . Península Valdés . PATAGONIA,http://www.rinconchico.com.ar/,Argentina
Estancia Rio de los Ciervos,http://www.estanciariodelosciervos.cl,Chile
ETA - Expedition Travel Advisor,http://www.exploreyourworld.com,United States
Eureka Travel,http://www.eurekatravel.net,United States
Eurofun Touristik GmbH,http://www.eurohike.at,Austria
Europe Active,http://www.europe-active.com,France
European Walking Tours,http://www.walkingtours.com,Switzerland
Eurotrek,http://www.eurotrek.ch,Switzerland
Eurotur SRL,http://www.eurotur.com.ar,Argentina
Everest Pioneer Trek Nepal (p) Ltd,http://www.everesttreknepal.com,Nepal
Everest Summit Lodge Pvt. Ltd,http://www.eslrnepal.com,Nepal
Evergreen Adventures & Consultancies,http://www.evergreenadcon.com,India
EverTrek,http://www.evertrek.se/,Sweden
evoTrip,http://evo.com/evotrip,United States
Exclusive Scandinavia,http://www.exclusivescandinavia.no/,Norway
EXO Adventure,http://www.exotravel.com/adventure/,Thailand
Exodus Travels,http://www.exodustravels.com,Canada
Expediciones y Turismo Aventura,http://www.aventurapatagonia.com/,Argentina
Expedición Fitz Roy,http://www.expedicionfitzroy.com,Chile
Expeditionsresor AB,http://www.expeditionsresor.se,Sweden
ExpeditionTrips,http://www.expeditiontrips.com,United States
Experience Cuba,http://www.expcuba.com,United States
Experience Jordan,http://www.experiencejordan.com,Jordan
ExperiencePlus! Bicycle Tours,http://ExperiencePlus.com,United States
Experiencias Xcaret,http://www.experienciasxcaret.com,Mexico
Exploor,http://www.exploorperu.com,Peru
Explora,http://www.explora.com,Chile
Explorandes,http://www.explorandes.com,Peru
Explore Plus Travel & Tours,http://eXplorePlusTravel.com,South Africa
Explore!,http://www.exploreworldwide.com,United States
EXPLORER CHICK ADVENTURE CO,http://explorerchick.com,United States
Explorer X,http://explorer-x.com,United States
EXTREME GAMES SALTA,http://www.extremegamesalta.com,Argentina
Extreme Ireland Adventures,http://www.extremeireland.ie,Ireland
Fairmont Hotels - Canada's Western Mountain Region,http://www.fairmont.com,Canada
Far South Expeditions,http://www.fsexpeditions.com,Chile
FEST Travel,http://WWW.FESTTRAVEL.COM,Turkey
Finca Cielo Verde,http://www.chicoana.wixsite.com/cielo-verde,Argentina
Finca Lesser,No link,No Location
Finca Rosa Blanca Coffee Plantation Resort,http://www.FincaRosaBlanca.com,Costa Rica
Finca Santa Anita,http://www.santaanita.com.ar,Argentina
Finisterra Travel,http://www.finisterra.ca,Canada
Fiore Tours & Adventure Croatia,http://www.fiore.hr/,Croatia
Fitz Roy Expediciones,http://www.fitzroyexpediciones.com.ar,Argentina
Flashpacker Connect Adventure Travel,https://www.flashpackerconnect.com/,Peru
Fogo Island Inn / Shorefast Foundation,http://www.fogoislandinn.ca,Canada
Fold n Visit - Cycling Holidays | City Tours Rent a bike,http://www.topbiketoursportugal.com,Portugal
Frasson Travel Designer,http://www.frasson.travel,Argentina
Fremen Tours Bolivia,http://www.andes-amazonia.com,Bolivia
Fresh Adventures,http://www.freshadventures.ca,Canada
Frontiers North Adventures,http://www.frontiersnorth.com,Canada
FUNActive Tours GmbH,http://funactive.info,Italy
Futaleufú Adventure,http://www.futaleufuadventure.com,Chile
Futurismo Azores Adventures,http://www.futurismo.pt,Portugal
G Adventures,http://www.gadventures.com/,Canada
Galakiwi Adventures,http://www.galakiwi.com,Ecuador
Galapagos Safari Camp,http://www.galapagossafaricamp.com,Ecuador
Galavanta Colombia,http://www.galavanta.com,Colombia
Gateway to Egypt,http://www.gatewaytoegypt.com,Egypt
GENIO DEL BOSCO,http://www.geniodelbosco.it,Italy
Genius Loci Travel,http://www.genius-loci.it,Italy
GeoEx (Geographic Expeditions),http://www.geoex.com,United States
Ger to Ger Agency and Foundation,http://www.GertoGer.org,Mongolia
Girolibero - easy cycling holidays,http://www.girolibero.com,Italy
GIROSOLE Italy Walking Tours,http://www.girosole.com,Italy
GiroVai.com,http://www.girovai.com,Chile
Global Basecamps,http://www.globalbasecamps.com,United States
Gnosis Active Travel - Active Holidays in Greece,http://www.activeholidaysingreece.com,Greece
GO GALAPAGOS KLEINTOURS,http://www.kleintours.com,Spain
Gondwana Brasil,http://www.gondwanabrasil.com,Brazil
Gone paddling As,http://www.gonepaddling.no,Norway
Goodplace,http://www.visit-goodplace.com,Slovenia
Goolets,http://www.goolets.net,Slovenia
Goway Travel,http://www.goway.com,Canada
Grasshopper Adventures,http://www.grasshopperadventures.com/,Thailand
Gravity Adventures,http://www.gravity.co.za,South Africa
Gray & Co.,http://www.grayandco.ca,Canada
Great Canadian Trails,http://www.greatcanadiantrails.com,Canada
"Great Expeditions, LLC",http://www.greatexpeditionstravel.com,United States
Great Global Adventures,http://greatglobaladventures.com,United States
Great Island Adventure Safaris,http://www.gias-madagascar.com,Madagascar
Great Walks of Australia,http://greatwalksofaustralia.com.au/,Australia
Great Wall Hiking,http://www.greatwallhiking.com,China
Greatland Adventures,http://www.greatlandadventures.com,United States
Greek Adventure,http://greekadventure.gr,Greece
Green Arrow Tours - GAT,http://www.gat.jo,Jordan
Green Pathways Nicaragua,http://www.greenpathways.com,Nicaragua
Green Toad Bus,http://www.greentoadbus.com,Brazil
Green Visions,http://www.greenvisions.ba,Bosnia and Herzegovina
Green World Adventures,http://www.greenworldadventures.com,Costa Rica
Greenloons,http://www.greenloons.com,United States
GreenSpot.travel,http://www.greenspot.travel,United States
Greenways Travel Club,http://www.topbicycle.com,Czech Republic
H&I Adventures Ltd,http://www.mountainbikeworldwide.com/,United Kingdom
H&T,http://www.htargentina.com,Argentina
Harmony Bridge,http://harmonybridge.travel,United States
HeliUshuaia,http://www.heliushuaia.com.ar/,Argentina
Herencia Verde,No link,No Location
Heritage Expeditions,http://heritage-expeditions.com/,New Zealand
Heritage Tours Private Travel,http://www.heritagetours.com,United States
HF Holidays,http://www.hfholidays.co.uk,United Kingdom
Hike'n Sail in Turkey,http://www.hikensail.com,Turkey
Hiking New Zealand Ltd.,http://www.HikingNewZealand.com,New Zealand
Hillwalk Tours,http://www.hillwalktours.com,Ireland
HIMALAYA Expeditions,http://www.himexnepal.com,Nepal
Himalayan Glacier Trekking (P) Ltd.,http://www.himalayanglacier.com,Nepal
Himalayan High Treks,http://www.himalayanhightreks.com,United States
Himalayan Planet Adventures P Ltd,http://www.himalayanplanet.com,Nepal
Himalayan Smile Treks & Adventures,http://himalayastrek.com/,Nepal
Holiday River Expeditions,http://www.bikeraft.com,United States
Holidays for Humanity,http://trekunion.com,Canada
Horizonte Motorbike Tours,http://www.horizonte-tours.com,Argentina
Horizontes Nature Tours,http://www.horizontes.com,Costa Rica
Horseback Adventure,http://www.mongolia-trips.com,Mongolia
Hostería Kaikén,http://www.hosteriakaiken.com/,Argentina
Hotel Cabo de Hornos,http://www.hotelcabodehornos.com,Chile
Hotel Jose Nogueira,http://www.hotelnogueira.com,Chile
Hotel Salta,http://hotelsalta.com/,Argentina
Hotspots 2 C // Chipiriro Trust,http://www.hotspots2c.co.za,South Africa
Huasteca Secreta,http://www.huastecasecreta.com,Mexico
Huaxteca.com,http://www.huaxteca.com,Mexico
Huilo Huilo Biological Reserve,http://www.huilohuilo.com/,Chile
Hurtigruten ASA,http://www.hurtigruten.us,Norway
Hvitserk & Eventyrreiser,http://www.hvitserk.no/,Norway
"I, Like You Tours",http://www.ilikeyoutours.com/,Spain
Iberian Adventures,http://www.iberianadventures.com,Spain
"Ibex Expeditions, India",http://www.ibexexpeditions.com,India
Iceland Encounter,http://www.encounter.is,Iceland
Iceland ProCruises,http://www.icelandprocruises.com,Iceland
Icelandic Mountain Guides,http://www.mountainguides.is/,Iceland
ICELANDIC TRAVEL COMPANY,http://www.ferdakompaniid.com/,Iceland
Iconic Adventures,http://www.iconicadventures.com,United States
ICS Travel group,http://www.icstravelgroup.com,United States
Ideia Tours,http://www.ideiatours.com.br/,Brazil
IDNSA TRAVELS,http://indnsatrvsld.co.id,Indonesia
Iguazú Bike Tours,http://www.iguazubiketours.com.ar/,Argentina
Imvelo Safari Lodges - Zimbabwe,http://www.imvelosafarilodges.com,Zimbabwe
In The Saddle,http://www.inthesaddle.com,United Kingdom
InAdventure.travel,http://www.inadventure.travel,Chile
Incredible Adventures,https://incadventures.com/,United States
Indigo White,http://www.indigowhite.travel,Thailand
Indo Asia Tours,http://www.indoasia-tours.com,India
Indotrek,http://www.indotrek.com,Vietnam
Inspired Adventures,http://inspiredadventures.com.au,Australia
International Expeditions,http://www.ietravel.com,United States
International Nature and Cultural Adventures (INCA),http://www.inca1.com/,United States
Intrepid Group,http://www.intrepidgroup.travel,Australia
Iran Doostan Tours,http://www.irandoostan.com,Iran
"Ireland Walk, Hike, Bike",http://www.irelandwalkhikebike.com,Ireland
ISFIELD HOSPITALITY LTD Hospitality services,http://www.trekking.gr,Greece
Island Expeditions Co.,http://islandexpeditions.com,Canada
Iterra Private Travel dba Distant Insights,http://www.distantinsights.com,United States
Iwokrama International Centre,http://www.iwokrama.org,Guyana
JAN-POL Incoming Tour Operator,No link,No Location
Jerusalem T&T,No link,No Location
Jourday,http://www.jourday.com,United Kingdom
Journey Beyond,http://www.journeybeyond.travel,South Africa
Journey Beyond Travel,http://www.journeybeyondtravel.com,Morocco
Journey Mexico,http://www.journeymexico.com,Mexico
Journeys International,http://www.journeysinternational.com,United States
JSB Journeys,http://www.jsbjourneys.com,Ecuador
Jujuy en Bici,http://www.jujuyenbici.com.ar,Argentina
Jungle Me,http://www.jungleme.com.br,Brazil
Just Roughin' It Adventure Company,http://www.justroughinit.com,United States
justadventurenepal,http://www.justadventurenepal.com,United Kingdom
Kahuak Turismo,http://www.kahuak.com.ar/,Argentina
Kallpa Tour Operator,http://www.kallpatour.com/,Argentina
Kalypso Adventures Private LTD,http://www.kalypsoadventures.com,India
Kandoo Adventures,http://www.kandooadventures.com,United Kingdom
Karma House DMC,http://karma.com.jo,Jordan
Katerre Expedition,http://www.katerre.com/,Brazil
Kawen Adventure Company,http://www.kawenadventure.com/,Argentina
Kayak Agua Fresca- Sea kayak Patagonia Mother ship,http://www.kayakaguafresca.com/,Chile
KE Adventure Travel,http://www.keadventure.com,United Kingdom
Ker & Downey,http://www.kerdowney.com,United States
Khiri Travel,http://www.khiri.com,Thailand
Kids Sea Camp,http://www.familydivers.com,United States
Kilimanjaro-Experience,http://tanzania-experience.com,Tanzania
Kingfisher Journeys,http://www.kingfisherjourneys.com,Rwanda
Kirchoff Fitness,http://www.kirchofffitness.com/,United States
KMS Travel Chile,http://www.kmstravel.cl,Chile
Knysna Adventures,http://www.knysnaribadventures.co.za,South Africa
Ko'KayaK,http://Www.kokayak.cl,Chile
Kodiak Brown Bear Center,http://www.kodiakbearcenter.com,United States
Kokopeli Adventure,http://www.kokopeliadventure.com,Spain
Korcula Adventures,http://www.korcula-adventures.com,Croatia
"Kualoa Ranch Hawaii, Inc.",http://www.kualoa.com,United States
Kurdistan Iraq Tours LLC,http://kurdistaniraqtours.com,Iraq
KVT Holidays,http://www.kvtholidays.com,India
Kystriksvegen Reiseliv AS,http://www.kystriksveien.no/?page=bookingkystriksveien&lng=en,Norway
La Balaguere,http://www.labalaguere.com,France
La Bicicleta Verde,http://www.labicicletaverde.com,Chile
"LA CARA OCULTA DE SALTA, Turismo Aventura",http://www.lacaraocultadesalt8.wixsite.com/lacaraocultadesalta,Argentina
La Paz on Foot,http://www.lapazonfoot.com/,Bolivia
Lake Natron Camp,http://www.lake-natron-camp.com/,Tanzania
Lanko Altas Montañas,http://www.lanko.com.ar/,Argentina
Las Hayas Ushuaia Resort,http://www.lashayas.com.ar,Argentina
Last Frontiers Trekking,http://www.lastfrontierstrekking.com,Nepal
Latin Excursions,http://www.latinexcursions.com,United States
Latin Trails,http://www.latintrails.com/,Ecuador
Latitud 90 Chile,http://www.latitud90.com/incoming,Chile
Lazy Otter Charters Inc.,http://www.lazyottercharters.com,United States
Lebanon Mountain Trail Association,http://www.lebanontrail.org,Lebanon
LEGENDS OF THE WILD,http://www.legendsofthewild.com,United States
Lifetime Adventures,http://www.lifetimeadventures.net,United States
Lindblad Expeditions,http://www.expeditions.com,United States
Live DMC Peru,http://www.livedmc.com,Peru
Live Love Ride - Bike Tours in Portugal,http://portugalbiketours.com,Portugal
Logistur,http://www.logistur.travel,Chile
LOIRE VALLEY TRAVEL,http://www.biking-france.com/,France
Long Beach Lodge Resort,http://www.longbeachlodgeresort.com,Canada
Lost World Adventures,http://www.lostworld.com,United States
Macs Adventure,http://www.macsadventure.com,United Kingdom
Mad River Boat Trips,http://www.mad-river.com,United States
Madagascar Tourism Expeditions,http://www.madagascar-tourism-expeditions.com,Madagascar
Madawaska Kanu Centre,http://www.mkc.ca,Canada
Maduro Dive Fanta-Seas,http://www.MaduroDive.com,United States
MAG Tours and Safari's,http://www.magsafaris.co.za/,South Africa
Magic Travels,http://www.magic-arabia.com,United Arab Emirates
Magri Turismo,http://www.magriturismo.com,Bolivia
Maine Huts & Trails,http://www.mainehuts.org,United States
Mallin Colorado Ecolodge,http://www.mallincolorado.cl,Chile
Mandala Tour,http://www.mandalatour.com/en/,Italy
Maple Leaf Adventures,http://www.mapleleafadventures.com,Canada
Marron Treks P. Ltd,http://www.marrontreks.com,Nepal
Masar Ibrahim - Abraham Path,http://www.masaribrahim.ps/,Palestine
MAT Nepal Treks,http://www.matnepaltreks.com,United States
Matagalpa Tours Nicaragua,http://www.matagalpatours.com,Nicaragua
Maya Trails,http://www.mayatrails.com.gt/,Guatemala
Medraft,http://www.medraftisrael.com,Israel
Meridien Ten,http://www.meridienten.com,Croatia
Merit Travel Group Inc.,http://www.merittravel.ca,Canada
Metropolitan Touring- ETICA,http://www.metropolitan-touring.com,Ecuador
Michelangelo International Travel,http://www.michelangelo.travel,Italy
Midnight Son Tours,http://midnightsontours.com,United States
MIR Corporation,http://www.mircorp.com,United States
Mitico Puelo Lodge,http://www.miticopuelo.com,Chile
MMT Gapnet,http://www.mmtgapnet.com.br,Brazil
Modern Adventure,http://www.modernadventure.com,United States
Mojo Active Adventures,http://www.mojoactiveadventures.com,United States
Mongolia Quest,http://www.MongoliaQuest.com,Mongolia
Mongolian Travel,http://www.mongoliantravel.com/,United States
Moondance Adventures,http://www.moondanceadventures.com,United States
Morocco Immersion Tours & Adventures,http://moroccoimmersion.com,United States
Mosaic Adventure Trek & Expedition Pvt Ltd,https://mosaicadventure.com,Nepal
MOSER active,http://www.moseractive.cl/,Chile
"Mountain Hiking Holidays, Inc",http://www.mountainhikingholidays.com,United States
Mountain Lodges of Peru,http://www.mountainlodgesofperu.com,Peru
Mountain Travel Sobek,http://mtsobek.com,United States
Mountaineering Patagonia,http://www.mount-patagonia.com,Argentina
MTB Aventura Salta,http://www.mtbsalta.com,Argentina
Muntania Outdoors,http://www.muntania.com,Spain
Myanmar Hill Lodges Travel,http:///www.putaotrekkinghouse.com,Myanmar
Myths and Mountains,http://www.mythsandmountains.com,United States
NamibiaExperience,http://www.namibiaexperience.com/,Namibia
Napo Wildlife Center,http://www.napowildlifecenter.com/,Ecuador
Nare Travel & Tours,http://www.naretourism.co.za,South Africa
National Geographic Expeditions,http://www.nationalgeographicadventures.com,United States
NATPHOTO SPA,http://www.natphoto.cl,Chile
Natura Vive,http://www.naturavive.com,Peru
Natural Croatia,http://naturalcroatia.com/,Croatia
Natural Habitat Adventures,https://www.nathab.com,United States
Natural Wonders Tours,http://www.naturalwonderstours.com,United States
Nature Expeditions,http://www.nature-expeditions.co.uk/,United Kingdom
Nature Odyssey Sri Lanka,http://www.natureodyssey.com,Sri Lanka
Nautilus Explorer,https://nautilusliveaboards.com/,Canada
Nautopp Sea Kayaking Sweden,http://www.nautopp.se,Sweden
Neotropic Expeditions,http://www.neotropicexpeditions.com,Ecuador
Neotropic Turis,http://www.neotropicturis.com/,Ecuador
Nepal Vision Treks & Expeditions P. Ltd.,http://www.nepalvisiontreks.com/,Nepal
New African Territories,http://www.africanterritories.co.ke/,Kenya
New Milestone Tours,http://www.newmilestonetours.com,Mongolia
New Zealand Walking Tours,https://newzealandwalkingtours.com/,New Zealand
Newtour,http://www.newtour.pt,Portugal
Njord Kayak and Wilderness Adventure,http://www.njord.as,Norway
Noahs Ark,http://www.noahsark.com,United States
Nomad Hill,http://www.NomadHill.com,United States
Nomade Aventure,https://www.nomade-aventure.com/,France
Nomadic Expeditions,http://www.nomadicexpeditions.com,United States
Nomadic Journeys,http://nomadicjourneys.com,Mongolia
Nordic Travel,http://www.nordic-travel.com.ar,Argentina
Norte Trekking Expeditions,http://www.nortetrekking.com/,Argentina
North Sailing,http://www.northsailing.is,Iceland
North Shore Travel,http://www.noshtravel.com,United States
Northern Alaska Tour Company,http://www.northernalaska.com/,United States
Northern Outdoors,http://www.northernoutdoors.com,United States
Norway AdvenTURes,http://norway-adventures.com/english/home/,Norway
Norwegian Adventures AS,http://www.norwegian-adventures.com,Norway
Nunatak,http://www.antartur.com,Argentina
O.A.R.S.,http://www.oars.com,United States
Oasis Overland Ltd.,http://www.oasisoverland.co.uk,United Kingdom
OceanGate Expeditions,http://www.oceangate.com,United States
Oceanwide Expeditions,http://www.oceanwide-expeditions.com,Netherlands
Odysseia-In Travel Bulgaria,http://www.odysseia-in.com,Bulgaria
Off the Beaten Path,http://www.offthebeatenpath.com,United States
Offshore Outpost Expeditions,http://www.offshore-outpost.com,United States
Oku Japan,http://www.okujapan.com,Japan
Old Talkeetna Roadhouse,http://www.talkeetnaroadhouse.com,United States
On Safari Atacama,http://www.onsafariatacama.com,Chile
One Ocean Expeditions,http://www.oneoceanexpeditions.com/,Canada
One Two Trek,http://www.onetwotrek.com,Spain
Onerom World Travel,http://www.oneromworldtravel.com.ar/,Argentina
OneSeed Expeditions,http://www.oneseedexpeditions.com,United States
"Operatour Potosina, S.A. de C.V.",http://www.operatourpotosina.com.mx,Mexico
Origins Argentina Travels,http://www.originsargentina.com,Argentina
Orom Travel (Orom Sayohat LLC),http://www.oromtravel.tj,Tajikistan
Orvis Adventures,http://www.orvis.com/travel,United States
Outdoor Albania,http://www.outdooralbania.com,Albania
Outdoor Interlaken,http://www.outdoor-interlaken.ch,Switzerland
Overland Salta Biking,http://www.overlandsalta.com,Argentina
Owadan Tourism,http://www.owadan.net,Turkmenistan
Oyikil Argentina,http://www.oyikilviajes.com.ar/,Argentina
Pacaya Lodge and Spa,http://www.pacayalodge.com,Nicaragua
"Pacific Catalyst II, Inc",http://www.pacificcatalyst.com,United States
Pack Safari,http://www.packsafari.com,Namibia
Palenque Tours S.A.S,http://www.palenque-tours-colombia.com,Colombia
Paragon Guides,http://www.paragonguides.com,United States
Parks Canada - Western Arctic Field Unit,http://www.parkscanada.gc.ca/ivvavik,Canada
Patagonia Camp,http://www.patagoniacamp.com,Chile
Patagonia Chile Adventures,http://patagoniachileadventures.com,Chile
Patagonia SouthernLand Expeditions,http://patagoniasouthernlandexpeditions.com,Chile
Patagonia Travel Adventures,http://www.patagoniaadventures.com,United States
PEAK Destination Management Company,http://www.peakdmc.com,Peru
Pedalers Pub & Grille,https://www.pedalerspubandgrille.com,United States
Pella Tours,http://www.pellatours.com,Jordan
Pema Treks & Expedition (P) Ltd,http://www.pematreks.com,Nepal
Perfect voyage Pvt Ltd,http://www.perfectvoyage.travel,Maldives
Peru EcoCamp,http://www.peruecocamp.com,Peru
Peru Expeditions,http://peru-expeditions.org,Peru
Peru Safari,http://www.perusafari.com,United Kingdom
Petra Moon Tourism Services,http://www.petramoon.com,Jordan
PG TOPS Travel & Tours,http://www.pgtops.com/,South Africa
PhotoEnrichment Adventures,http://www.photoenrichment.com,United States
PhotoQuest Adventures,http://www.photoquestadventures.com,United States
Pioneer Asia Holidays,http://www.pioneerasiaholidays.com,Vietnam
Piratour,http://www.piratour.net,Argentina
Planet Earth Adventures,http://www.planetearthadventures.com/,United States
Polar Latitudes,http://www.polar-latitudes.com,United States
PolarQuest Expeditions,http://www.polar-quest.com,Sweden
Ponte Travels,http://www.pontetravels.com,United States
POP Event & Travel,http://www.popevent.com.tr/,Turkey
Portugal Green Walks,http://portugalgreenwalks.com,Portugal
Portugal Nature Trails,http://portugalnaturetrails.com,United States
Poseidon Expeditions,http://www.poseidonexpeditions.com,United States
Prestige Ecuador,http://www.prestigecuador.com,Ecuador
"Private Journeys with Diane Terry, LLC",http://www.privatejourneys.net/,United States
Pro Niti Travel,http://www.pronititravel.com,Myanmar
Protours Chile,http://www.protoursdestination.com,Chile
Pugdundee Safaris,https://www.pugdundeesafaris.com/,India
Pura Aventura,http://www.pura-aventura.com,United Kingdom
Pure Adventures,http://www.pure-adventures.com,United States
Pure Brasil,http://www.purebrasil.net/,Brazil
Pure Tibet Travel Company,http://www.puretibet.com/,China
Pure! Travel Group,http://www.pure-travelgroup.com,Ecuador
PureQuest Adventures,http://www.purequest.com/,Spain
Puyuhuapi Lodge & Spa,http://www.puyuhuapilodge.com,Chile
Quark Expeditions,http://www.quarkexpeditions.com,United States
Quasar Expeditions,http://www.quasarex.com,Ecuador
Quivertree Family Expeditions,http://quivertreeworld.com/,Canada
Rahhalah Explorers,http://www.rahhalah.com,United Arab Emirates
Rainforest Expeditions,http://www.rainforestexpeditions.com,Peru
RAMARTOUR Madagascar,http://www.ramartour.com,Madagascar
Rancho Cacachilas,http://www.ranchocacachilas.com,Mexico
RAW Travel,http://www.rawtravel.com,Australia
Red Lantern Journeys,http://www.redlanternjourneys.com,United States
Red Rock Adventure,http://www.redrockadventure.ca,Canada
Red Rocks Rwanda,http://www.redrocksrwanda.com,Rwanda
"Reefs to Rockies, LLC",http://reefstorockies.com,United States
REI Adventures,http://www.rei.com/adventures,United States
Remote River Expeditions,http://www.remoterivers.com,Madagascar
Renok Adventures,http://www.renokadventures.com,India
Reserva Cerro Paine,http://www.estanciatorresdelpaine.com,Chile
Revealed Enterprises LLC,http://revealedamerica.com/,United States
Rimo Expeditions,http://www.rimoexpeditions.com,India
Rio Extremo,http://www.rioextremo.com,Argentina
Rio Secreto,http://www.riosecretomexico.com/,Mexico
Rogue Adventures,http://rogue-adventures.com,United States
Romania Active,http://www.romania-active.com,Romania
ROW Adventures,http://www.rowadventures.com,United States
Rowing The World,http://www.rowingtheworld.com,Canada
Royal Expeditions,http://www.royalexpeditions.com,India
Royal Galapagos,http://www.royalgalapagos.com,Ecuador
Royal Mountain Travel - Nepal,http://www.royalmt.com.np,Nepal
Rule of Five Wilderness Company,http://Ruleof5.org,United States
Run Wild Retreats + Wellness,http://www.runwildretreats.com,United States
S-Cape  Travel,http://www.s-cape.eu,Italy
SA Luxury Expeditions LLC,http://saexpeditions.com,United States
Saddle Skedaddle Cycling Holidays,http://www.skedaddle.co.uk,United Kingdom
Salkantay Trekking E.I.R.L.,http://www.salkantaytrekking.com,Peru
Salmon Berry Travel & Tours,http://www.salmonberrytours.com,United States
Salta Biking,https://saltabiking.com,Argentina
Salta Rafting,http://www.saltarafting.com,Argentina
Saltycrax Adventures,http://www.saltycrax.com,South Africa
Sansui Treks & Expedition PVt. Ltd.,http://www.igc.com.np/Trekking-and-Expedition.php,Nepal
Sante Aventuras,http://www.hostalsante.com,Argentina
Saras Italy - Grytting & Companie,http://www.sarasitaly.com,Sweden
Sardinia Grand Tour,http://www.sardiniagrandtour.com,Italy
Say Hueque | Argentina Adventures,http://www.sayhueque.com,Argentina
SAYTA-CABALGATAS,http://www.saltacabalgatas.com.ar,Argentina
Scot Mountain Holidays,http://www.scotmountainholidays.com,United Kingdom
SeaTrek Sailing Adventures,http://seatrekbali.com,Indonesia
Secret Compass,http://www.secretcompass.com,United Kingdom
Seed of Hope,http://seedofhopethailand.org,Thailand
Shawii Outdoors,No link,No Location
Shikhar Travels India,http://www.shikhar.com,India
Sierra Club,http://content.sierraclub.org/outings/adventure-travel,United States
Sierra Gorda Ecotours,http://sierragordaecotours.com/,Mexico
SILVIA MAGNO Viajes y Turismo,http://www.silviamagnoturismo.com.ar,Argentina
Siraj Center,http://sirajcenter.org,Palestine
Skyline Eco-Adventures,http://www.zipline.com,United States
Slotrips,http://www.slotrips.si,Slovenia
Small World Journeys,http://www.smallworldjourneys.com.au,Australia
Snow Cat Travel,http://www.rural-heritage.com,Nepal
SNP Natuurreizen,http://www.snp.nl,Netherlands
Socompa Puna Adventure Travel,http://www.socompa.com,Argentina
Solentiname Tours - Discover Nicaragua,http://solentinametours.com,Nicaragua
SOLEQ.travel Ecuador,http://www.soleq.travel,Ecuador
Sondor Travel,http://www.sondortravel.com,Albania
South American Vacations,http://www.savacations.com,United States
Southern Explorations,http://www.southernexplorations.com,United States
Southern Exposure Tours,http://www.southernexposuretours.co.nz,New Zealand
SouthExpeditions / TravelEcuador,http://southexpeditions.com/,Ecuador
Southwind Adventures,http://www.southwindadventures.com,United States
Spain Your Way,http://www.spainyourway.com/,Spain
Speyside Wildlife,http://www.speysidewildlife.co.uk,United Kingdom
SpiceRoads Cycle Tours,http://www.spiceroads.com,Thailand
Spirit of the West Adventures,http://www.kayakingtours.com,Canada
Sports Tours International,No link,No Location
Stampede Excursions,http://www.stampedeexcursions.com,United States
Steppes Travel,http://www.steppestravel.co.uk/,United Kingdom
Sticky Rice Travel,http://www.stickyricetravel.com,Malaysia
Stillpoint Lodge Alaska,http://stillpointlodge.com/,United States
Stoke Broker,http://www.stokebroker.com,United States
Strada Toscana LLC,http://stradatoscana.com/,United States
Sumaq Machu Picchu Hotel,http://www.sumaqhotelperu.com/,Peru
Summer Feet Cycling,http://www.summerfeet.net,United States
Summit Expeditions and Nomadic Experience,http://www.nomadicexperience.com,Tanzania
Swoop Travel,http://www.swoop-patagonia.co.uk/,United Kingdom
T3 Adventures,http://t3-adventures.com,United States
Taber Holidays,http://www.taberhols.co.uk,United Kingdom
Tangol,http://www.tangol.com,Argentina
TANTANACUY Ecolodge,http://www.tantanacuy.com,Argentina
Tanzania Experience,http://www.tanzania-experience.com,Tanzania
TARGET TRAVEL DI CUSTOMIZED SRL,http://target.travel/,Italy
"Tasermiut, South Greenland Expeditions",http://www.tasermiutgreenland.com/,Greenland
Tastil-Movitrack,http://www.movitrack.com.ar,Argentina
TCS World Travel,http://www.tcsworldtravel.com,United States
TDA Global Cycling,http://tdaglobalcycling.com/,Canada
Terhaal Adventures,http://terhaal.com,Jordan
Terra Dinarica,http://viadinarica.com/,Bosnia and Herzegovina
Terra Explorer E.I.R.L,http://www.terraexplorerperu.com,Peru
Terra Group,http://www.terra-group.com,Panama
Terre Cambodge,http://www.terrecambodge.com,Cambodia
Terres d'Aventure - EAD Group,http://www.terdav.com,France
Thai Marano Travel,http://www.maranotravel.com,Thailand
Thamserku Trekking,http://www.thamserkutrekking.com,Nepal
The Clymb,http://theclymb.com,United States
The Curious Travel Company,http://www.curious.travel,United Kingdom
The Explorer's Passage,http://www.explorerspassage.com,United States
The Himalayan Outback,http://www.himalayanoutback.com,India
The Natural Adventure Company,http://www.thenaturaladventure.com,Bulgaria
The Ranch at Rock Creek,http://www.theranchatrockcreek.com,United States
The Redwoods In Yosemite,http://redwoodsinyosemite.com,United States
The Travel Explorers Pvt Ltd,http://www.thetravelexplorers.com,Pakistan
The Travel Yogi,http://www.TheTravelYogi.com,United States
The Wayfarers,http://www.thewayfarers.com,United States
Thomson Family Adventures,http://www.familyadventures.com,United States
Thomson Safaris,http://www.thomsonsafaris.com,United States
Tierra del Fuego Aventura,http://www.tierradelfuegoaventura.com/en/,Argentina
Tierra del Volcan / World Bike Adventures,http://tierradelvolcan.com,Ecuador
Tierra Hotels,http://www.tierrahotels.com/tierra-atacama-hotel-boutique-amp-spa,Chile
Tierra Sur,http://www.tierrasur.cl,Chile
Tierra Turismo,http://www.tierraturismo.com,Argentina
Tilcara Trekking Adventure & Expeditions,http://www.tilcara-trekking.com/,Argentina
Time and Tide Ltd,http://www.timeandtideafrica.com,Mauritius
TM Adventure,http://www.adventuretripcroatia.com,Croatia
Todos Santos Eco Adventures,http://www.tosea.net,Mexico
"Tofino Expeditions, Ltd.",http://www.tofino.com,United States
Top Snow travel,http://www.topsnowtravel.com.au,Australia
TourTheTropics,http://www.tourthetropics.com,Australia
Trails Beyond,http://www.trailsbeyond.gr,Greece
Trails of Chile Ltda,http://www.trailsofchile.cl,Chile
transcontinents Sarl,http://transcontinents-madagascar.com,Madagascar
"Travel Buddies (Usezu Co.,Ltd)",http://www.travelbuddies.info,Mongolia
Travel Port,http://WWW.TRAVELPORT.NET.PK,Pakistan
Travel Scope (India) Pvt. Ltd.,http://www.travelscopeindia.com,India
Travel Tip,http://traveltip.co,India
Travel Traders AS,http://www.traveltraders.eu,Norway
Travel Vision Photo Journeys,http://travelvisionjourneys.com/,United States
Traverse Journeys,https://traversejourneys.com/,United States
Travl Sweden AB,http://www.travl.se,Sweden
Trek Guatemala,http://trekguatemala.com,Guatemala
Trek Himalayan LLC,http://www.trekhimalayan.com,United States
Trek The Himalayas,http://www.trekthehimalayas.com,India
Trek Travel,http://www.trektravel.com,United States
TrekTrek Slovenia,http://www.trektrek.net,Slovenia
Tren a las Nubes,http://www.trenalasnubes.com.ar,Argentina
Tribal Adventure Tours,http://www.tribaladventures.com,Philippines
Trip360º,http://www.trip360.com,India
Tripsite.com,http://www.tripsite.com,United States
Tropic Ecuador DMC & Ecolodges,http://www.tropiceco.com,Ecuador
Tropical Tree Climbing,http://www.tropicaltreeclimbing.com,Brazil
Trufflepig Travel,http://www.trufflepig.com,Canada
"Tsuruga Resorts Co., Ltd.",http://tsuruga-adventure.com,Japan
TUCANO CORPORATION S.A.C,http://tucanoperu.com/,Peru
Tundra North Tours,http://tundranorthtours.com,Canada
Turismo Comapa,http://www.comapa.com,Chile
Turismo Pacifico Puerto Varas - Chile,http://www.turismopacifico.cl/,Chile
Turismo Responsable Tour Operator,http://www.tures.tur.ar/contacto/,Argentina
Tusker Trail,http://www.tusker.com/,United States
Twin Tracks Expeditions AB,http://www.twintracksexpeditions.com,Sweden
Ugen Peling Choesal tours and treks,http://www.upcbhutan.com,Bhutan
Ultimate Safaris Namibia,http://www.ultimatesafaris.na/,Namibia
Uncover the World Travel,http://www.encounterstravel.com,Canada
UnCruise Adventures,http://www.un-cruise.com,United States
Under30Experiences,http:///www.under30experiences.com/,United States
Unique Adventures Costa Rica,http://www.uniquecr.com,Costa Rica
United Travel Agency,http://www.uta.com.jo,Jordan
UNIVERSAL TRAVEL GROUP LTD,http://www.universaltraveldmc.com,Greece
Unventured Expeditions,http://www.unventured.com/,India
UpEverest P. Ltd,http://www.upeverest.com,Nepal
Upplevelsebolaget,http://www.upplevelsebolaget.com,Sweden
Upscape,http://www.upscapetravel.com,Chile
Ursus Adventures,http://www.ursusadventures.com,United States
US-China Professional Tours Inc.,http://www.uscpt.com,United States
Ushuaia Aventura,http://www.ushuaiaaventura.com,Argentina
Ushuaia Nature,http://www.toursbydesign.tur.ar,Argentina
Ushuaia Outdoors,http://WWW.USHUAIAOUTDOORS.COM.AR,Argentina
UTracks,http://utracks.com,Australia
Vagabond Adventure Tours of Ireland,http://www.vagabond.ie,Ireland
Vagabundos Viajes,https://www.facebook.com/VagabundosEVT/,Argentina
Valencia Travel Cusco,http://www.valenciatravelcusco.com,Peru
Vamos Expeditions,http://www.vamosexpeditions.com,Peru
Vapues Tours - Nicaragua,http://www.vapues.com,Nicaragua
Vaya Adventures,http://www.vayaadventures.com,United States
VBT Bicycling & Walking Vacations,http://www.vbt.com,United States
Venezuela Elite,http://venezuelaelite.com,Venezuela
VERSILIANA VIAGGI,http://www.versilianaviaggi.com,Italy
Viaggigiovani.it S.r.l,http://www.viaggigiovani.it,Italy
Viaja con Tlachtli,http://tlachtli.agenciasviajes.mx,Mexico
Viajes Pacifico - Gray Line Tours Peru,http://www.viajespacifico.com.pe,Peru
"Viator Travel, Croatia",http://www.dubrovnikviator.com,Croatia
Viaventure Central America,http://www.viaventure.com,Guatemala
Vietnam Bike Tours,http://www.vietnambiketours.com,Vietnam
Viktorianz.com,http://Viktorianz.com,India
Vildmark i Värmland,http://www.vildmark.se,Sweden
Visionary Wild,http://visionarywild.com,United States
Viva Expeditions,http://www.vivaexpeditions.com,New Zealand
Vive Travels,http://www.vivetravels.com,Nicaragua
Vivejar,http://www.vivejar.com.br,Brazil
VMD Adventure Travel,http://vmd.hr,Croatia
VOLAR EN TUCUMAN,http://www.volarentucuman.com.ar,Argentina
Volcan Ecotours,http://www.volcanecotours.com,Panama
Volcanoes Safaris Ltd,http://www.volcanoessafaris.com,Rwanda
Voygr Expeditions,http://voygr.com,United States
Vértice Patagonia,http://www.verticepatagonia.com,Chile
Walk Patagonia,http://walkpatagonia.com,Argentina
Walkabout Scotland,http://www.walkaboutscotland.com,United Kingdom
Walking Adventures International,http://walkingadventures.com/,United States
WanderThemes,http://wanderthemes.com,United States
Waterworld AB,http://www.goingnorth.eu,Sweden
Wayfarers Limited,http://www.wayfarers.lk,Sri Lanka
Western River Expeditions,http://www.westernriver.com,United States
Whalesafari,http://www.whalesafari.com,Norway
White Mountain Adventures,http://www.whitemountainadventures.com,Canada
Wild At Heart Journeys,http://www.wildatheartjourneys.com,United States
Wild Frontiers Adventure Travel Ltd,http://www.wildfrontierstravel.com,United Kingdom
Wild Guanabana - Life Changing Journeys,http://www.wildguanabana.com,Egypt
Wild Norway,http://www.wild-norway.com,Norway
Wild Planet Adventures,http://www.wildplanetadventures.com,United States
Wild Serbia,http://www.wildserbia.com/,Serbia
Wild Sweden,http://www.wildsweden.com,Sweden
Wild Women Expeditions,http://www.wildwomenexpeditions.com,Canada
Wilderness Explorers,http://www.wilderness-explorers.com,Guyana
Wilderness Ireland,http://www.wildernessireland.com,Ireland
Wilderness Scotland,http://www.wildernessscotland.com/trade,United Kingdom
Wilderness Travel,http://www.wildernesstravel.com,United States
Wildfoot Travel Ltd.,http://wildfoottravel.com,United Kingdom
Wildland Adventures,http://www.wildland.com,United States
Wildthentic,http://www.wildthentic.com,Spain
Wines and Adventures of the Andes,http://www.wines-and-adventures.com,Argentina
Within the Wild Adventure Company,http://www.withinthewild.com,United States
Witsieshoek Mountain Lodge,http://www.witsieshoek.co.za/,South Africa
WomanTours,http://www.womantours.com,United States
World Expeditions,http://www.worldexpeditions.com,Canada
Xplora Colombia,https://goo.gl/lmKEuo,Colombia
Yamnuska Mountain Adventures,http://www.yamnuska.com,Canada
Yeti Holidays Pvt. Ltd.,http://www.yetiholidays.com,Nepal
Yukon Cruise & Tours,http://www.yukoncruise.com,United States
YUNGAVENTURA,No link,No Location
Zara Tours,http://www.zaratours.com,Canada
Zbulo! - Discover Albania,http://www.zbulo.org,Albania
Zegrahm Expeditions,http://www.zegrahm.com,United States
Zendmen Travel Mongolia,http://www.zendmentravel.com,Mongolia
Äventyrsresor,http://www.aventyrsresor.se,Sweden
